<!-- EPS (ColoradoFourWheeler) Plugin -->
<PluginConfig>
	<!-- Hidden prefs that are updated via other menus or in code because they may have large dialogs or complex options -->
	<Field id="pollingMode" type="textfield" defaultValue="realTime" hidden="true">
    	<Label>pollingMode:</Label>
    </Field>
    
    <Field id="pollingInterval" type="textfield" defaultValue="1" hidden="true">
    	<Label>pollingInterval:</Label>
    </Field>
    
    <Field id="pollingFrequency" type="textfield" defaultValue="s" hidden="true">
    	<Label>pollingFrequency:</Label>
    </Field>
    
    <!-- Enabled for plugins that need to monitor Indigo device changes -->
	<Field type="checkbox" id="monitorChanges" defaultValue="true" hidden="true">
		<Label> </Label>
		<Description>monitorChanges</Description>
	</Field>
    
    <!-- Logging level - part of every EPS plugin - Indigo 7 centric -->
	<Field type="menu" id="logLevel" defaultValue="20">
		<Label>Log Level:</Label>
		<List>
			<Option value="10">Debug</Option>
			<Option value="20">Info</Option>
			<Option value="30">Warning</Option>
			<Option value="40">Error</Option>
			<Option value="50">Critical</Option>
		</List>
	</Field>
	
	<!-- Any specialized plugin-specific options, hidden or otherwise, for THIS plugin -->
	
</PluginConfig>
